<Ui xmlns="http://www.blizzard.com/wow/ui/" xmlns:xsi="http://www.w3.org/2001/XMLSchema-instance" xsi:schemaLocation="http://www.blizzard.com/wow/ui/
..\FrameXML\UI.xsd">
	
	<Button name="CEPGPHeaderButton" virtual="true">
		<ButtonText style="$parentText"/>
		<NormalFont style="GameFontNormal"/>
		<HighlightFont style="GameFontHighlight"/>
		<DisabledFont style="GameFontDisable"/>
	</Button>
	
	<CheckButton name="UIOptionsCheckButtonTemplate" virtual="true" inherits="OptionsCheckButtonTemplate">
		<Size>
			<AbsDimension x="25" y="25" />
		</Size>
	</CheckButton>
	
	<Frame name="CEPGPFrameTemplate" virtual="true" enableMouse="true" toplevel="true" hidden="true">
		<Size>
			<AbsDimension x="450" y="450" />
		</Size>
		<Anchors>
			<Anchor point="CENTER">
				<Offset>
					<AbsDimension x="0" y="-30" />
				</Offset>
			</Anchor>
		</Anchors>
		<Scripts>
		<OnMouseDown>
			CEPGP_frame:StartMoving()
		</OnMouseDown>
		<OnMouseUp>
			CEPGP_frame:StopMovingOrSizing()
		</OnMouseUp>
	</Scripts>
	</Frame>
	
	<Button name="LootDistButtonTemplate" virtual="true">
		<Size>
			<AbsDimension x="420" y="15"/>
		</Size>
		<Layers>
			<Layer level="OVERLAY">
				<Texture name="$parentIcon">
					<Size>
						<AbsDimension x="15" y="15" />
					</Size>
					<Anchors>
						<Anchor point="LEFT" relativeTo="$parent" relativePoint="LEFT">
							<Offset>
								<AbsDimension x="370" y="0" />
							</Offset>
						</Anchor>
					</Anchors>
				</Texture>
				<Texture name="$parentIcon2">
					<Size>
						<AbsDimension x="15" y="15" />
					</Size>
					<Anchors>
						<Anchor point="LEFT" relativeTo="$parentIcon" relativePoint="RIGHT" />
					</Anchors>
				</Texture>
			</Layer>
		</Layers>
		<Frames>
			<Button name="$parentTex">
				<Size>
					<AbsDimension x="15" y="15" />
				</Size>
				<Anchors>
					<Anchor point="CENTER" relativeTo="$parentIcon" relativePoint="CENTER" />
				</Anchors>
			</Button>
			<Button name="$parentTex2">
				<Size>
					<AbsDimension x="15" y="15" />
				</Size>
				<Anchors>
					<Anchor point="CENTER" relativeTo="$parentIcon2" relativePoint="CENTER" />
				</Anchors>
			</Button>
		</Frames>
		<Layers>
			<Layer level="OVERLAY">
				<FontString name="$parentInfo" inherits="GameFontHighlight" justifyH="LEFT">
					<Anchors>
						<Anchor point="LEFT" relativeTo="$parent" relativePoint="LEFT">
							<Offset>
								<AbsDimension x="0" y="0"/>
							</Offset>
						</Anchor>
					</Anchors>
				</FontString>
				<FontString name="$parentClass" inherits="GameFontHighlight" justifyH="LEFT">
					<Anchors>
						<Anchor point="LEFT" relativeTo="$parent" relativePoint="LEFT">
							<Offset>
								<AbsDimension x="80" y="0"/>
							</Offset>
						</Anchor>
					</Anchors>
				</FontString>
				<FontString name="$parentRank" inherits="GameFontHighlight" justifyH="LEFT">
					<Anchors>
						<Anchor point="LEFT" relativeTo="$parent" relativePoint="LEFT">
							<Offset>
								<AbsDimension x="150" y="0"/>
							</Offset>
						</Anchor>
					</Anchors>
				</FontString>
				<FontString name="$parentEP" inherits="GameFontHighlight" justifyH="CENTER">
					<Anchors>
						<Anchor point="LEFT" relativeTo="$parent" relativePoint="LEFT">
							<Offset>
								<AbsDimension x="242.5" y="0"/>
							</Offset>
						</Anchor>
					</Anchors>
				</FontString>
				<FontString name="$parentGP" inherits="GameFontHighlight" justifyH="CENTER">
					<Anchors>
						<Anchor point="LEFT" relativeTo="$parent" relativePoint="LEFT">
							<Offset>
								<AbsDimension x="292.5" y="0"/>
							</Offset>
						</Anchor>
					</Anchors>
				</FontString>
				<FontString name="$parentPR" inherits="GameFontHighlight" justifyH="CENTER">
					<Anchors>
						<Anchor point="RIGHT" relativeTo="$parent" relativePoint="LEFT">
							<Offset>
								<AbsDimension x="347.5" y="0"/>
							</Offset>
						</Anchor>
					</Anchors>
				</FontString>
			</Layer>
		</Layers>
		<Scripts>
			<OnLoad>
				self:RegisterForClicks("LeftButtonDown");
			</OnLoad>
			<OnClick>
				PlaySound(856);
				if CEPGP_isML() == 0 or CEPGP_debugMode then
					CEPGP_ListButton_OnClick(self:GetName());
				end
			</OnClick>
		</Scripts>
		<HighlightTexture file="Interface\QuestFrame\UI-QuestTitleHighlight" alphaMode="ADD"/>
	</Button>
	<Button name="GuildButtonTemplate" virtual="true">
		<Size>
			<AbsDimension x="420" y="15"/>
		</Size>
		<Frames>
		</Frames>
		<Layers>
			<Layer level="BORDER">
				<FontString name="$parentInfo" inherits="GameFontHighlight" justifyH="LEFT">
					<Anchors>
						<Anchor point="LEFT" relativeTo="$parent" relativePoint="LEFT">
							<Offset>
								<AbsDimension x="0" y="0"/>
							</Offset>
						</Anchor>
					</Anchors>
				</FontString>
				<FontString name="$parentClass" inherits="GameFontHighlight" justifyH="LEFT">
					<Anchors>
						<Anchor point="LEFT" relativeTo="$parent" relativePoint="LEFT">
							<Offset>
								<AbsDimension x="90" y="0"/>
							</Offset>
						</Anchor>
					</Anchors>
				</FontString>
				<FontString name="$parentRank" inherits="GameFontHighlight" justifyH="LEFT">
					<Anchors>
						<Anchor point="LEFT" relativeTo="$parent" relativePoint="LEFT">
							<Offset>
								<AbsDimension x="165" y="0"/>
							</Offset>
						</Anchor>
					</Anchors>
				</FontString>
				<FontString name="$parentEP" inherits="GameFontHighlight" justifyH="CENTER">
					<Anchors>
						<Anchor point="CENTER" relativeTo="$parent" relativePoint="LEFT">
							<Offset>
								<AbsDimension x="290" y="0"/>
							</Offset>
						</Anchor>
					</Anchors>
				</FontString>
				<FontString name="$parentGP" inherits="GameFontHighlight" justifyH="CENTER">
					<Anchors>
						<Anchor point="CENTER" relativeTo="$parent" relativePoint="LEFT">
							<Offset>
								<AbsDimension x="340" y="0"/>
							</Offset>
						</Anchor>
					</Anchors>
				</FontString>
				<FontString name="$parentPR" inherits="GameFontHighlight" justifyH="CENTER">
					<Anchors>
						<Anchor point="RIGHT" relativeTo="$parent" relativePoint="LEFT">
							<Offset>
								<AbsDimension x="400" y="0"/>
							</Offset>
						</Anchor>
					</Anchors>
				</FontString>
			</Layer>
		</Layers>
		<Scripts>
			<OnLoad>
				self:RegisterForClicks("LeftButtonDown");
			</OnLoad>
			<OnClick>
				PlaySound(856);
				CEPGP_ListButton_OnClick(self:GetName());
			</OnClick>
		</Scripts>
		<HighlightTexture file="Interface\QuestFrame\UI-QuestTitleHighlight" alphaMode="ADD"/>
	</Button>
	<Button name="RaidButtonTemplate" virtual="true">
		<Size>
			<AbsDimension x="420" y="15"/>
		</Size>
		<Frames>
		</Frames>
		<Layers>
			<Layer level="BORDER">
				<FontString name="$parentInfo" inherits="GameFontHighlight" justifyH="LEFT">
					<Anchors>
						<Anchor point="LEFT" relativeTo="$parent" relativePoint="LEFT">
							<Offset>
								<AbsDimension x="5" y="0"/>
							</Offset>
						</Anchor>
					</Anchors>
				</FontString>
				<FontString name="$parentRank" inherits="GameFontHighlight" justifyH="LEFT">
					<Anchors>
						<Anchor point="LEFT" relativeTo="$parentInfo" relativePoint="LEFT">
							<Offset>
								<AbsDimension x="97" y="0"/>
							</Offset>
						</Anchor>
					</Anchors>
				</FontString>
				<FontString name="$parentEP" inherits="GameFontHighlight" justifyH="CENTER">
					<Anchors>
						<Anchor point="CENTER" relativeTo="$parentRank" relativePoint="LEFT">
							<Offset>
								<AbsDimension x="145" y="0"/>
							</Offset>
						</Anchor>
					</Anchors>
				</FontString>
				<FontString name="$parentGP" inherits="GameFontHighlight" justifyH="CENTER">
					<Anchors>
						<Anchor point="CENTER" relativeTo="$parentEP" relativePoint="CENTER">
							<Offset>
								<AbsDimension x="75" y="0"/>
							</Offset>
						</Anchor>
					</Anchors>
				</FontString>
				<FontString name="$parentPR" inherits="GameFontHighlight" justifyH="CENTER">
					<Anchors>
						<Anchor point="RIGHT" relativeTo="$parent" relativePoint="RIGHT">
							<Offset>
								<AbsDimension x="-20" y="0"/>
							</Offset>
						</Anchor>
					</Anchors>
				</FontString>
			</Layer>
		</Layers>
		<Scripts>
			<OnLoad>
				self:RegisterForClicks("LeftButtonDown");
			</OnLoad>
			<OnClick>
				PlaySound(856);
				CEPGP_ListButton_OnClick(self:GetName());
			</OnClick>
		</Scripts>
		<HighlightTexture file="Interface\QuestFrame\UI-QuestTitleHighlight" alphaMode="ADD"/>
	</Button>
	<Button name="versionButtonTemplate" virtual="true">
		<Size>
			<AbsDimension x="420" y="15"/>
		</Size>
		<Anchors>
			<Anchor point="CENTER" relativePoint="TOP" />
		</Anchors>
		<Layers>
			<Layer level="BORDER">
				<FontString name="$parentname" inherits="GameFontHighlight" justifyH="LEFT">
					<Anchors>
						<Anchor point="LEFT" relativeTo="$parent" relativePoint="LEFT">
							<Offset>
								<AbsDimension x="45" y="0"/>
							</Offset>
						</Anchor>
					</Anchors>
				</FontString>
				<FontString name="$parentversion" inherits="GameFontHighlight" justifyH="CENTER">
					<Anchors>
						<Anchor point="CENTER" relativeTo="$parent" relativePoint="RIGHT">
							<Offset>
								<AbsDimension x="-105" y="0"/>
							</Offset>
						</Anchor>
					</Anchors>
				</FontString>
			</Layer>
		</Layers>
		<Scripts>
			<OnLoad>
				self:RegisterForClicks("LeftButtonDown");
			</OnLoad>
			<OnClick>
				PlaySound(856);
			</OnClick>
		</Scripts>
		<HighlightTexture file="Interface\QuestFrame\UI-QuestTitleHighlight" alphaMode="ADD"/>
	</Button>
	<Button name="lootOverrideButtonTemplate" virtual="true">
		<Size>
			<AbsDimension x="420" y="15"/>
		</Size>
		<Frames>
			<Button name="$parentDelete" inherits="UIPanelCloseButton">
				<Size>
					<AbsDimension x="30" y="30" />
				</Size>
				<Anchors>
					<Anchor point="LEFT" relativePoint="LEFT" relativeTo="$parent">
						<Offset>
							<AbsDimension x="380" y="0" />
						</Offset>
					</Anchor>
				</Anchors>
				<Scripts>
					<OnClick>
						PlaySound(799);
						CEPGP_ListButton_OnClick(self:GetName());
					</OnClick>
				</Scripts>
			</Button>
		</Frames>
		<Layers>
			<Layer level="BORDER">
				<FontString name="$parentitem" inherits="GameFontHighlight" justifyH="LEFT">
					<Anchors>
						<Anchor point="LEFT" relativeTo="$parent" relativePoint="LEFT">
							<Offset>
								<AbsDimension x="0" y="0"/>
							</Offset>
						</Anchor>
					</Anchors>
				</FontString>
				<FontString name="$parentGP" inherits="GameFontHighlight" justifyH="CENTER">
					<Anchors>
						<Anchor point="CENTER" relativeTo="$parentitem" relativePoint="LEFT">
							<Offset>
								<AbsDimension x="350" y="0"/>
							</Offset>
						</Anchor>
					</Anchors>
				</FontString>
			</Layer>
		</Layers>
		<Scripts>
			<OnLoad>
				self:RegisterForClicks("LeftButtonDown");
			</OnLoad>
			<OnClick>
				PlaySound(856);
			</OnClick>
			<OnEnter>
				if GetItemInfo(_G[self:GetName() .. "item"]:GetText()) then
					CEPGP_setOverrideLink(_G[self:GetName() .. "item"], "enter");
				end
			</OnEnter>
			<OnLeave>
				if GetItemInfo(_G[self:GetName() .. "item"]:GetText()) then
					CEPGP_setOverrideLink(_G[self:GetName() .. "item"], "leave");
				end
			</OnLeave>
			<OnShow>
				local item = _G[self:GetName() .. "item"]:GetText();
				if item then
					if GetItemInfo(item) then
						local _, link = GetItemInfo(item);
						if link and not OVERRIDE_INDEX[link] then
							local gp = OVERRIDE_INDEX[item];
							OVERRIDE_INDEX[item] = nil;
							OVERRIDE_INDEX[link] = gp;
							CEPGP_UpdateOverrideScrollBar();
						end
					end
				end
			</OnShow>
		</Scripts>
		<HighlightTexture file="Interface\QuestFrame\UI-QuestTitleHighlight" alphaMode="ADD"/>
	</Button>
	<Button name="trafficButtonTemplate" virtual="true">
		<Size>
			<AbsDimension x="760" y="15"/>
		</Size>
		<Layers>
			<Layer level="BORDER">
				<FontString name="$parentName" inherits="GameFontHighlightSmall" justifyH="LEFT">
					<Anchors>
						<Anchor point="LEFT" relativeTo="$parent" relativePoint="LEFT">
							<Offset>
								<AbsDimension x="0" y="0"/>
							</Offset>
						</Anchor>
					</Anchors>
				</FontString>
				<FontString name="$parentIssuer" inherits="GameFontHighlightSmall" justifyH="LEFT">
					<Anchors>
						<Anchor point="LEFT" relativeTo="$parent" relativePoint="LEFT">
							<Offset>
								<AbsDimension x="105" y="0"/>
							</Offset>
						</Anchor>
					</Anchors>
				</FontString>
				<FontString name="$parentAction" inherits="GameFontHighlightSmall" justifyH="RIGHT">
					<Anchors>
						<Anchor point="RIGHT" relativeTo="$parentName" relativePoint="LEFT">
							<Offset>
								<AbsDimension x="480" y="0"/>
							</Offset>
						</Anchor>
					</Anchors>
				</FontString>
				<FontString name="$parentEPBefore" inherits="GameFontHighlightSmall" justifyH="LEFT">
					<Anchors>
						<Anchor point="LEFT" relativeTo="$parentAction" relativePoint="RIGHT">
							<Offset>
								<AbsDimension x="35" y="0"/>
							</Offset>
						</Anchor>
					</Anchors>
				</FontString>
				<FontString name="$parentEPAfter" inherits="GameFontHighlightSmall" justifyH="RIGHT">
					<Anchors>
						<Anchor point="RIGHT" relativeTo="$parentEPBefore" relativePoint="LEFT">
							<Offset>
								<AbsDimension x="90" y="0"/>
							</Offset>
						</Anchor>
					</Anchors>
				</FontString>
				<FontString name="$parentGPBefore" inherits="GameFontHighlightSmall" justifyH="LEFT">
					<Anchors>
						<Anchor point="LEFT" relativeTo="$parentEPAfter" relativePoint="RIGHT">
							<Offset>
								<AbsDimension x="40" y="0"/>
							</Offset>
						</Anchor>
					</Anchors>
				</FontString>
				<FontString name="$parentGPAfter" inherits="GameFontHighlightSmall" justifyH="RIGHT">
					<Anchors>
						<Anchor point="RIGHT" relativeTo="$parentGPBefore" relativePoint="LEFT">
							<Offset>
								<AbsDimension x="90" y="0"/>
							</Offset>
						</Anchor>
					</Anchors>
				</FontString>
			</Layer>
		</Layers>
		<Frames>
			<Button name="$parentItem">
				<Size>
					<AbsDimension x="250" y="20" />
				</Size>
				<Anchors>
					<Anchor point="LEFT" relativePoint="RIGHT" relativeTo="$parentIssuer">
						<Offset>
							<AbsDimension x="25" y="0" />
						</Offset>
					</Anchor>
				</Anchors>
				<Layers>
					<Layer level="OVERLAY">
						<FontString name="$parentName" inherits="GameFontNormalSmall" justifyH="LEFT"/>
					</Layer>
				</Layers>
			</Button>
		</Frames>
		<Scripts>
			<OnLoad>
				self:RegisterForClicks("LeftButtonDown");
			</OnLoad>
			<OnClick>
				PlaySound(856);
			</OnClick>
		</Scripts>
		<HighlightTexture file="Interface\QuestFrame\UI-QuestTitleHighlight" alphaMode="ADD"/>
	</Button>
	<Button name="StandbyButtonTemplate" virtual="true">
		<Size>
			<AbsDimension x="420" y="15"/>
		</Size>
		<Frames>
			<Button name="$parentClose" inherits="UiPanelCloseButton">
				<Size>
					<AbsDimension x="20" y="20" />
				</Size>
				<Anchors>
					<Anchor point="RIGHT" relativePoint="RIGHT">
						<Offset>
							<AbsDimension x="5" y="0" />
						</Offset>
					</Anchor>
				</Anchors>
				<Scripts>
					<OnClick>
						PlaySound(799);
						CEPGP_ListButton_OnClick(self:GetName());
					</OnClick>
				</Scripts>
			</Button>
		</Frames>
		<Layers>
			<Layer level="BORDER">
				<FontString name="$parentInfo" inherits="GameFontHighlight" justifyH="LEFT">
					<Anchors>
						<Anchor point="LEFT" relativeTo="$parent" relativePoint="LEFT">
							<Offset>
								<AbsDimension x="-5" y="0"/>
							</Offset>
						</Anchor>
					</Anchors>
				</FontString>
				<FontString name="$parentClass" inherits="GameFontHighlight" justifyH="LEFT">
					<Anchors>
						<Anchor point="LEFT" relativeTo="$parent" relativePoint="LEFT">
							<Offset>
								<AbsDimension x="85" y="0"/>
							</Offset>
						</Anchor>
					</Anchors>
				</FontString>
				<FontString name="$parentRank" inherits="GameFontHighlight" justifyH="LEFT">
					<Anchors>
						<Anchor point="LEFT" relativeTo="$parent" relativePoint="LEFT">
							<Offset>
								<AbsDimension x="160" y="0"/>
							</Offset>
						</Anchor>
					</Anchors>
				</FontString>
				<FontString name="$parentEP" inherits="GameFontHighlight" justifyH="CENTER">
					<Anchors>
						<Anchor point="CENTER" relativeTo="$parent" relativePoint="LEFT">
							<Offset>
								<AbsDimension x="260" y="0"/>
							</Offset>
						</Anchor>
					</Anchors>
				</FontString>
				<FontString name="$parentGP" inherits="GameFontHighlight" justifyH="CENTER">
					<Anchors>
						<Anchor point="CENTER" relativeTo="$parent" relativePoint="LEFT">
							<Offset>
								<AbsDimension x="320" y="0"/>
							</Offset>
						</Anchor>
					</Anchors>
				</FontString>
				<FontString name="$parentPR" inherits="GameFontHighlight" justifyH="CENTER">
					<Anchors>
						<Anchor point="CENTER" relativeTo="$parent" relativePoint="LEFT">
							<Offset>
								<AbsDimension x="380" y="0"/>
							</Offset>
						</Anchor>
					</Anchors>
				</FontString>
			</Layer>
		</Layers>
		<Scripts>
			<OnLoad>
				self:RegisterForClicks("LeftButtonDown");
			</OnLoad>
			<OnClick>
				PlaySound(856);
			</OnClick>
		</Scripts>
		<HighlightTexture file="Interface\QuestFrame\UI-QuestTitleHighlight" alphaMode="ADD"/>
	</Button>
	<Button name="AttendanceButtonTemplate" virtual="true">
		<Size>
			<AbsDimension x="580" y="15"/>
		</Size>
		<Frames>
		</Frames>
		<Layers>
			<Layer level="BORDER">
				<FontString name="$parentInfo" inherits="GameFontHighlight" justifyH="LEFT">
					<Anchors>
						<Anchor point="LEFT" relativeTo="$parent" relativePoint="LEFT">
							<Offset>
								<AbsDimension x="0" y="0"/>
							</Offset>
						</Anchor>
					</Anchors>
				</FontString>
				<FontString name="$parentRank" inherits="GameFontHighlight" justifyH="LEFT">
					<Anchors>
						<Anchor point="LEFT" relativeTo="$parent" relativePoint="LEFT">
							<Offset>
								<AbsDimension x="100" y="0"/>
							</Offset>
						</Anchor>
					</Anchors>
				</FontString>
				<FontString name="$parentTotal" inherits="GameFontHighlight" justifyH="CENTER">
					<Anchors>
						<Anchor point="CENTER" relativeTo="$parent" relativePoint="LEFT">
							<Offset>
								<AbsDimension x="252.5" y="0"/>
							</Offset>
						</Anchor>
					</Anchors>
				</FontString>
				<FontString name="$parentInt7" inherits="GameFontHighlight" justifyH="CENTER">
					<Anchors>
						<Anchor point="CENTER" relativeTo="$parent" relativePoint="LEFT">
							<Offset>
								<AbsDimension x="327.5" y="0"/>
							</Offset>
						</Anchor>
					</Anchors>
				</FontString>
				<FontString name="$parentInt14" inherits="GameFontHighlight" justifyH="CENTER">
					<Anchors>
						<Anchor point="CENTER" relativeTo="$parent" relativePoint="LEFT">
							<Offset>
								<AbsDimension x="387.5" y="0"/>
							</Offset>
						</Anchor>
					</Anchors>
				</FontString>
				<FontString name="$parentInt30" inherits="GameFontHighlight" justifyH="CENTER">
					<Anchors>
						<Anchor point="CENTER" relativeTo="$parent" relativePoint="LEFT">
							<Offset>
								<AbsDimension x="447.5" y="0"/>
							</Offset>
						</Anchor>
					</Anchors>
				</FontString>
				<FontString name="$parentInt60" inherits="GameFontHighlight" justifyH="CENTER">
					<Anchors>
						<Anchor point="CENTER" relativeTo="$parent" relativePoint="LEFT">
							<Offset>
								<AbsDimension x="510" y="0"/>
							</Offset>
						</Anchor>
					</Anchors>
				</FontString>
				<FontString name="$parentInt90" inherits="GameFontHighlight" justifyH="CENTER">
					<Anchors>
						<Anchor point="CENTER" relativeTo="$parent" relativePoint="LEFT">
							<Offset>
								<AbsDimension x="567.5" y="0"/>
							</Offset>
						</Anchor>
					</Anchors>
				</FontString>
			</Layer>
		</Layers>
		<Scripts>
			<OnLoad>
				self:RegisterForClicks("LeftButtonDown");
			</OnLoad>
			<OnClick>
				PlaySound(856);
				CEPGP_ListButton_OnClick(self:GetName());
			</OnClick>
		</Scripts>
		<HighlightTexture file="Interface\QuestFrame\UI-QuestTitleHighlight" alphaMode="ADD"/>
	</Button>
	
	<EditBox name="epValInputBoxTemplate" inherits="InputBoxTemplate" numeric="true" virtual="true">
		<Size>
			<AbsDimension x="50" y="10" />
		</Size>
		<Scripts>
			<OnLoad>
				self:SetAutoFocus(false);
			</OnLoad>
			<OnEnterPressed>
				self:ClearFocus();
			</OnEnterPressed>
			<OnEditFocusLost>
				local name = strsub(self:GetName(), 15, strfind(self:GetName(), "_EP")-1);
				local value = self:GetText();
				if value == "" or not CEPGP_isNumber(value) then
					self:SetText(tostring(EPVALS[name]));
				elseif value == EPVALS[name] then
					return;
				elseif EPVALS[name] ~= tonumber(value) then
					if name == "The Edge of Madness" then
						EPVALS["Gri'lek"] = value;
						EPVALS["Hazza'rah"] = value;
						EPVALS["Renataki"] = value;
						EPVALS["Wushoolay"] = value;
					elseif name == "The Bug Trio" then
						EPVALS["Princess Yauj"] = value;
						EPVALS["Vem"] = value;
						EPVALS["Lord Kri"] = value;
					elseif name == "The Twin Emperors" then
						EPVALS["Emperor Vek'lor"] = value;
						EPVALS["Emperor Vek'nilash"] = value;
					elseif name == "The Four Horsemen" then
						EPVALS["Highlord Mograine"] = value;
						EPVALS["Thane Korth'azz"] = value;
						EPVALS["Lady Blaumeux"] = value;
						EPVALS["Sir Zeliek"] = value;
					else
						EPVALS[name] = value;
					end
					CEPGP_print("Updated EP awarded for " .. name);
				end
			</OnEditFocusLost>
			<OnShow>
				local name = strsub(self:GetName(), 15, strfind(self:GetName(), "_EP")-1);
				local target = _G["CEPGP_options_" .. name .. "_val"];
				if name == "The Edge of Madness" then
					name = "Gri'lek"; --All bosses in the edge of madness will have the same value
				elseif name == "The Bug Trio" then
					name = "Princess Yauj";
				elseif name == "The Twin Emperors" then
					name = "Emperor Vek'lor";
				elseif name == "The Four Horsemen" then
					name = "Highlord Mograine";
				end				
				self:SetText(tostring(EPVALS[name]));
				self:SetPoint('LEFT', target, 'LEFT', 275, 0); --FontStrings justify to the left, so for the sake of structuring, it's better to set the relative anchor to left
			</OnShow>
		</Scripts>
	</EditBox>
	
	<EditBox name="slotWeightInputBoxTemplate" inherits="InputBoxTemplate" minvalue="0.0" virtual="true">
		<Size>
			<AbsDimension x="40" y="5" />
		</Size>
		<Scripts>
			<OnLoad>
				self:SetAutoFocus(false);
			</OnLoad>
			<OnEnterPressed>
				self:ClearFocus();
			</OnEnterPressed>
			<OnEditFocusLost>
				local slot = string.sub(self:GetName(), 15, string.find(self:GetName(), "_weight")-1);
				local value = self:GetText();
				if CEPGP_isNumber(self:GetText()) and SLOTWEIGHTS[slot] ~= tonumber(value) then
					SLOTWEIGHTS[slot] = tonumber(value);
					CEPGP_print("Modifier for " .. string.lower(slot) .. " slot updated");
				else
					self:SetText(SLOTWEIGHTS[slot]);
				end
			</OnEditFocusLost>
			<OnShow>				
				local slot = strsub(self:GetName(), 15, strfind(self:GetName(), "_weight")-1);
				self:SetPoint('LEFT', _G["CEPGP_options_slot_" .. slot], 'RIGHT', 10, 0);
			</OnShow>
		</Scripts>
	</EditBox>
	
	<CheckButton name="AutoAwardEPCheckBox" inherits="UIOptionsCheckButtonTemplate" virtual="true">
		<HitRectInsets>
			<AbsInset left="0" right="0" top="0" bottom="0" />
		</HitRectInsets>
		<Scripts>
			<OnLoad>
				self:RegisterForClicks('LeftButtonDown');
			</OnLoad>
			<OnClick>
				local name = strsub(self:GetName(), 15, strfind(self:GetName(), "_auto_check")-1);
				if name == "The Edge of Madness" then
					if self:GetChecked() then
						AUTOEP["Gri'lek"] = true;
						AUTOEP["Hazza'rah"] = true;
						AUTOEP["Renataki"] = true;
						AUTOEP["Wushoolay"] = true;
					else
						AUTOEP["Gri'lek"] = false;
						AUTOEP["Hazza'rah"] = false;
						AUTOEP["Renataki"] = false;
						AUTOEP["Wushoolay"] = false;
					end
				elseif name == "The Bug Trio" then
					if self:GetChecked() then
						AUTOEP["Princess Yauj"] = true;
						AUTOEP["Vem"] = true;
						AUTOEP["Lord Kri"] = true;
					else
						AUTOEP["Princess Yauj"] = false;
						AUTOEP["Vem"] = false;
						AUTOEP["Lord Kri"] = false;
					end
				elseif name == "The Twin Emperors" then
					if self:GetChecked() then
						AUTOEP["Emperor Vek'lor"] = true;
						AUTOEP["Emperor Vek'nilash"] = true;
					else
						AUTOEP["Emperor Vek'lor"] = false;
						AUTOEP["Emperor Vek'nilash"] = false;
					end
				elseif name == "The Four Horsemen" then
					if self:GetChecked() then
						AUTOEP["Highlord Mograine"] = true;
						AUTOEP["Thane Korth'azz"] = true;
						AUTOEP["Lady Blaumeux"] = true;
						AUTOEP["Sir Zeliek"] = true;
					else
						AUTOEP["Highlord Mograine"] = false;
						AUTOEP["Thane Korth'azz"] = false;
						AUTOEP["Lady Blaumeux"] = false;
						AUTOEP["Sir Zeliek"] = false;
					end
				else
					local name = strsub(self:GetName(), 15, strfind(self:GetName(), "_auto_check")-1);
					if self:GetChecked() then
						AUTOEP[name] = true;
					else
						AUTOEP[name] = false;
					end
				end
				CEPGP_print("Updated auto award for " .. name);
			</OnClick>
			<OnShow>
				local name = strsub(self:GetName(), 15, strfind(self:GetName(), "_auto_check")-1);
				local target = _G["CEPGP_options_" .. name .. "_EP_value"];
				if name == "The Edge of Madness" then
					name = "Gri'lek"; --All bosses in the edge of madness will have the same value
				elseif name == "The Bug Trio" then
					name = "Princess Yauj";
				elseif name == "The Twin Emperors" then
					name = "Emperor Vek'lor";
				elseif name == "The Four Horsemen" then
					name = "Highlord Mograine";
				end				
				self:SetChecked(AUTOEP[name]);
				self:SetPoint('LEFT', target, 'RIGHT', 25, 0);
			</OnShow>
		</Scripts>
	</CheckButton>

	<FontString name="SlotWeightFontTemplate" inherits="GameFontNormal" virtual="true">
		<Color r="1" g="1" b="1"/>
	</FontString>

	<CheckButton name="StandbyEPRankCheckBox" inherits="UIOptionsCheckButtonTemplate" virtual="true">
		<HitRectInsets>
			<AbsInset left="0" right="0" top="0" bottom="0" />
		</HitRectInsets>
		<Scripts>
			<OnLoad>
				self:RegisterForClicks('LeftButtonDown');
			</OnLoad>
			<OnClick>
				local id = self:GetID();
				if self:GetChecked() then 
					STANDBYRANKS[id][2] = true;
				else
					STANDBYRANKS[id][2] = false;
				end
			</OnClick>
			<OnShow>
				local target = _G["CEPGP_options_standby_ep_rank_" .. self:GetID()];
				self:SetPoint("LEFT", target, "LEFT", 120, 0);
			</OnShow>
		</Scripts>
	</CheckButton>
	
</Ui>